-- カテゴリーデータ
INSERT IGNORE INTO categories (id, name) VALUES (1,'みそかつ');
INSERT IGNORE INTO categories (id, name) VALUES (2,'ひつまぶし');
INSERT IGNORE INTO categories (id, name) VALUES (3,'手羽先');
INSERT IGNORE INTO categories (id, name) VALUES (4,'味噌おでん');
INSERT IGNORE INTO categories (id, name) VALUES (5,'うどん');
INSERT IGNORE INTO categories (id, name) VALUES (6,'モーニング');
INSERT IGNORE INTO categories (id, name) VALUES (7,'ナポリタン');
INSERT IGNORE INTO categories (id, name) VALUES (8,'その他');
INSERT IGNORE INTO categories (id, name) VALUES (9,'ういろう');

-- レストランデータ
INSERT IGNORE INTO restaurants (id, venue_name, image_name, description, postal_code, address, opening_hour, closing_hour, reservation_capacity, budget_range, category_id) VALUES(1,'名古屋みそかつ道場', 'misokatsu1.jpg', '特製の赤味噌だれがかかった、サクサクの味噌かつが自慢。', '460-0001', '名古屋市中村区名駅', 11, 22, 40, 3, 1);
INSERT IGNORE INTO restaurants (id, venue_name, image_name, description, postal_code, address, opening_hour, closing_hour, reservation_capacity, budget_range, category_id) VALUES(2,'みそかつ本舗', 'misokatsu2.jpg', 'カリッと揚がったみそかつと、こだわりのご飯が絶妙。', '460-0002', '名古屋市中村区名駅南', 11, 22, 30, 4, 1);
INSERT IGNORE INTO restaurants (id, venue_name, image_name, description, postal_code, address, opening_hour, closing_hour, reservation_capacity, budget_range, category_id) VALUES(3,'赤味噌かつ家', 'misokatsu3.jpg', '秘伝の味噌ダレを使った、ジューシーなかつの名店。', '460-0003', '名古屋市中村区名駅北', 11, 22, 35, 3, 1);
INSERT IGNORE INTO restaurants (id, venue_name, image_name, description, postal_code, address, opening_hour, closing_hour, reservation_capacity, budget_range, category_id) VALUES(4,'みそかつ横丁', 'misokatsu4.jpg', 'アットホームな雰囲気で楽しむ本格みそかつ。', '460-0004', '名古屋市中村区名駅東', 11, 22, 25, 3,1);
INSERT IGNORE INTO restaurants (id, venue_name, image_name, description, postal_code, address, opening_hour, closing_hour, reservation_capacity, budget_range, category_id) VALUES(5,'伝説の味噌かつ', 'misokatsu5.jpg', '柔らかい肉質と特製味噌が絡む、至福の一皿。', '460-0005', '名古屋市中村区名駅西', 11, 22, 50, 4, 1);
INSERT IGNORE INTO restaurants (id, venue_name, image_name, description, postal_code, address, opening_hour, closing_hour, reservation_capacity, budget_range, category_id) VALUES(6,'みそかつバル', 'misokatsu6.jpg', 'おしゃれな空間でカジュアルに楽しむ味噌かつ。', '460-0006', '名古屋市中村区名駅中央', 11, 22, 45, 3, 1);
INSERT IGNORE INTO restaurants (id, venue_name, image_name, description, postal_code, address, opening_hour, closing_hour, reservation_capacity, budget_range, category_id) VALUES(7,'みそかつ処', 'misokatsu7.jpg', '食材にこだわり抜いた、本格みそかつがここに。', '460-0007', '名古屋市中村区名駅南', 11, 22, 40, 3, 1);
INSERT IGNORE INTO restaurants (id, venue_name, image_name, description, postal_code, address, opening_hour, closing_hour, reservation_capacity, budget_range, category_id) VALUES(8,'名古屋名物みそかつ屋', 'misokatsu8.jpg', '名古屋の味をそのまま再現した、安心の味。', '460-0008', '名古屋市中村区名駅', 11, 22, 30, 3, 1);
INSERT IGNORE INTO restaurants (id, venue_name, image_name, description, postal_code, address, opening_hour, closing_hour, reservation_capacity, budget_range, category_id) VALUES(9,'本場みそかつ亭', 'misokatsu9.jpg', 'アツアツの味噌かつをリーズナブルに楽しめる店。', '460-0009', '名古屋市中村区名駅南', 11, 22, 20, 3, 1);
INSERT IGNORE INTO restaurants (id, venue_name, image_name, description, postal_code, address, opening_hour, closing_hour, reservation_capacity, budget_range, category_id) VALUES(10,'みそかつの庵', 'misokatsu10.jpg', '落ち着いた雰囲気で、ゆっくりと味わえる。', '460-0010', '名古屋市中村区名駅北', 11, 22, 35, 3, 1);
INSERT IGNORE INTO restaurants (id, venue_name, image_name, description, postal_code, address, opening_hour, closing_hour, reservation_capacity, budget_range, category_id) VALUES(11,'みそかつ小路', 'misokatsu11.jpg', '家族連れでも楽しめる、心温まるお店。', '460-0011', '名古屋市中村区名駅東', 11, 22, 25, 3, 1);
INSERT IGNORE INTO restaurants (id, venue_name, image_name, description, postal_code, address, opening_hour, closing_hour, reservation_capacity, budget_range, category_id) VALUES(12,'みそかつ夢工房', 'misokatsu12.jpg', 'カスタマイズ可能な自分好みの味噌かつを！', '460-0012', '名古屋市中村区名駅西', 11, 22, 40, 4, 1);
INSERT IGNORE INTO restaurants (id, venue_name, image_name, description, postal_code, address, opening_hour, closing_hour, reservation_capacity, budget_range, category_id) VALUES(13,'みそかつおやじ', 'misokatsu13.jpg', '昔ながらの手法で作られた、懐かしの味。', '460-0013', '名古屋市中村区名駅中央', 11, 22, 45, 4, 1);
INSERT IGNORE INTO restaurants (id, venue_name, image_name, description, postal_code, address, opening_hour, closing_hour, reservation_capacity, budget_range, category_id) VALUES(14,'みそかつ秀', 'misokatsu14.jpg', '職人の技が光る、こだわりの一皿が楽しめる。', '460-0014', '名古屋市中村区名駅南', 11, 22, 30, 3, 1);
INSERT IGNORE INTO restaurants (id, venue_name, image_name, description, postal_code, address, opening_hour, closing_hour, reservation_capacity, budget_range, category_id) VALUES(15,'名古屋みそかつカフェ', 'misokatsu15.jpg', 'お洒落なカフェ風の店内で、みそかつを。', '460-0015', '名古屋市中村区名駅北', 11, 22, 35, 3, 1);
INSERT IGNORE INTO restaurants (id, venue_name, image_name, description, postal_code, address, opening_hour, closing_hour, reservation_capacity, budget_range, category_id) VALUES(16,'みそかつ創作料理店', 'misokatsu16.jpg', '新しいスタイルの味噌かつを提供するお店。', '460-0016', '名古屋市中村区名駅東', 11, 22, 25, 3, 1);
INSERT IGNORE INTO restaurants (id, venue_name, image_name, description, postal_code, address, opening_hour, closing_hour, reservation_capacity, budget_range, category_id) VALUES(17,'赤みそかつダイニング', 'misokatsu17.jpg', '特製の赤味噌を使った、クリーミーな味わい。', '460-0017', '名古屋市中村区名駅西', 11, 22, 40, 3, 1);
INSERT IGNORE INTO restaurants (id, venue_name, image_name, description, postal_code, address, opening_hour, closing_hour, reservation_capacity, budget_range, category_id) VALUES(18,'みそかつエステ', 'misokatsu18.jpg', 'ボリューム満点な一皿が自慢。', '460-0018', '名古屋市中村区名駅中央', 11, 22, 50, 4, 1);
INSERT IGNORE INTO restaurants (id, venue_name, image_name, description, postal_code, address, opening_hour, closing_hour, reservation_capacity, budget_range, category_id) VALUES(19,'ひつまぶし名人', 'hitsumabushi1.jpg', 'ウナギのひつまぶしが自慢の名古屋の名店。', '460-0001', '名古屋市中村区名駅', 11, 22, 40, 4,  2);
INSERT IGNORE INTO restaurants (id, venue_name, image_name, description, postal_code, address, opening_hour, closing_hour, reservation_capacity, budget_range, category_id) VALUES(20,'名古屋ひつまぶし屋', 'hitsumabushi2.jpg', '職人が作る絶品ひつまぶしをお楽しみください。', '460-0002', '名古屋市中村区名駅南', 11, 22, 30, 4, 2);
INSERT IGNORE INTO restaurants (id, venue_name, image_name, description, postal_code, address, opening_hour, closing_hour, reservation_capacity, budget_range, category_id) VALUES(21,'ひつまぶし専門店', 'hitsumabushi3.jpg', '新鮮なウナギを使った本格ひつまぶし。', '460-0003', '名古屋市中村区名駅北', 11, 22, 35, 4, 2);
INSERT IGNORE INTO restaurants (id, venue_name, image_name, description, postal_code, address, opening_hour, closing_hour, reservation_capacity, budget_range, category_id) VALUES(22,'ひつまぶしの家', 'hitsumabushi4.jpg', '自家製のタレで仕上げた、ひつまぶしの名店。', '460-0004', '名古屋市中村区名駅東', 11, 22, 25, 4,  2);
INSERT IGNORE INTO restaurants (id, venue_name, image_name, description, postal_code, address, opening_hour, closing_hour, reservation_capacity, budget_range, category_id) VALUES(23,'本格ひつまぶし亭', 'hitsumabushi5.jpg', '新鮮なウナギのひつまぶしが楽しめる贅沢店。', '460-0005', '名古屋市中村区名駅西', 11, 22, 50, 5, 2);
INSERT IGNORE INTO restaurants (id, venue_name, image_name, description, postal_code, address, opening_hour, closing_hour, reservation_capacity, budget_range, category_id) VALUES(24,'ひつまぶしバル', 'hitsumabushi6.jpg', 'カジュアルな雰囲気で本格ひつまぶしを。', '460-0006', '名古屋市中村区名駅中央', 11, 22, 45, 4, 2);
INSERT IGNORE INTO restaurants (id, venue_name, image_name, description, postal_code, address, opening_hour, closing_hour, reservation_capacity, budget_range, category_id) VALUES(25,'名古屋ひつまぶし専門店', 'hitsumabushi7.jpg', '極上のウナギを使ったひつまぶしを提供。', '460-0007', '名古屋市中村区名駅南', 11, 22, 40, 4, 2);
INSERT IGNORE INTO restaurants (id, venue_name, image_name, description, postal_code, address, opening_hour, closing_hour, reservation_capacity, budget_range, category_id) VALUES(26,'ひつまぶしの館', 'hitsumabushi8.jpg', 'ウナギの風味を存分に味わえる一皿。', '460-0008', '名古屋市中村区名駅', 11, 22, 30, 4, 2);
INSERT IGNORE INTO restaurants (id, venue_name, image_name, description, postal_code, address, opening_hour, closing_hour, reservation_capacity, budget_range, category_id) VALUES(27,'ひつまぶしと酒', 'hitsumabushi9.jpg', '酒と合わせて楽しむひつまぶしの新スタイル。', '460-0009', '名古屋市中村区名駅南', 11, 22, 20, 4,  2);
INSERT IGNORE INTO restaurants (id, venue_name, image_name, description, postal_code, address, opening_hour, closing_hour, reservation_capacity, budget_range, category_id) VALUES(28,'名古屋ひつまぶし道場', 'hitsumabushi10.jpg', '職人が作る本格ひつまぶしをリーズナブルに。', '460-0010', '名古屋市中村区名駅北', 11, 22, 35, 4, 2);
INSERT IGNORE INTO restaurants (id, venue_name, image_name, description, postal_code, address, opening_hour, closing_hour, reservation_capacity, budget_range, category_id) VALUES(29,'ひつまぶしカフェ', 'hitsumabushi11.jpg', '気軽に楽しめるひつまぶしが人気。', '460-0011', '名古屋市中村区名駅東', 11, 22, 25, 4, 2);
INSERT IGNORE INTO restaurants (id, venue_name, image_name, description, postal_code, address, opening_hour, closing_hour, reservation_capacity, budget_range, category_id) VALUES(30,'ひつまぶしの饗宴', 'hitsumabushi12.jpg', 'ウナギの焼き加減が絶妙な、特製の一皿。', '460-0012', '名古屋市中村区名駅西', 11, 22, 40, 4,2);
INSERT IGNORE INTO restaurants (id, venue_name, image_name, description, postal_code, address, opening_hour, closing_hour, reservation_capacity, budget_range, category_id) VALUES(31,'ひつまぶしの旅', 'hitsumabushi13.jpg', 'ひつまぶしをテーマにした創作料理が楽しめる。', '460-0013', '名古屋市中村区名駅中央', 11, 22, 45, 5, 2);
INSERT IGNORE INTO restaurants (id, venue_name, image_name, description, postal_code, address, opening_hour, closing_hour, reservation_capacity, budget_range, category_id) VALUES(32,'ひつまぶしの邸宅', 'hitsumabushi14.jpg', '落ち着いた空間でじっくりと味わうひつまぶし。', '460-0014', '名古屋市中村区名駅南', 11, 22, 30, 4, 2);
INSERT IGNORE INTO restaurants (id, venue_name, image_name, description, postal_code, address, opening_hour, closing_hour, reservation_capacity, budget_range, category_id) VALUES(33,'ひつまぶしの宿', 'hitsumabushi15.jpg', '贅沢なひつまぶしを楽しめる宿泊施設。', '460-0015', '名古屋市中村区名駅北', 11, 22, 35, 4,  2);
INSERT IGNORE INTO restaurants (id, venue_name, image_name, description, postal_code, address, opening_hour, closing_hour, reservation_capacity, budget_range, category_id) VALUES(34,'ひつまぶしバリエーション', 'hitsumabushi16.jpg', '多彩なひつまぶしメニューが楽しめる店。', '460-0016', '名古屋市中村区名駅東', 11, 22, 25, 4, 2);
INSERT IGNORE INTO restaurants (id, venue_name, image_name, description, postal_code, address, opening_hour, closing_hour, reservation_capacity, budget_range, category_id) VALUES(35,'ひつまぶしの源流', 'hitsumabushi17.jpg', 'ひつまぶしのルーツを感じられる店。', '460-0017', '名古屋市中村区名駅西', 11, 22, 40, 4, 2);
INSERT IGNORE INTO restaurants (id, venue_name, image_name, description, postal_code, address, opening_hour, closing_hour, reservation_capacity, budget_range, category_id) VALUES(36,'ひつまぶしの伝説', 'hitsumabushi18.jpg', '歴史あるひつまぶしを今に伝えるお店。', '460-0018', '名古屋市中村区名駅中央', 11, 22, 50, 5, 2);
INSERT IGNORE INTO restaurants (id, venue_name, image_name, description, postal_code, address, opening_hour, closing_hour, reservation_capacity, budget_range, category_id) VALUES(37,'手羽先専門店', 'tebasaki1.jpg', '絶品の手羽先を揚げたてで楽しめるお店。', '460-0001', '名古屋市中村区名駅', 11, 22, 40, 3, 3);
INSERT IGNORE INTO restaurants (id, venue_name, image_name, description, postal_code, address, opening_hour, closing_hour, reservation_capacity, budget_range, category_id) VALUES(38,'手羽先道場', 'tebasaki2.jpg', '特製タレで味付けした人気の手羽先。', '460-0002', '名古屋市中村区名駅南', 11, 22, 30, 3, 3);
INSERT IGNORE INTO restaurants (id, venue_name, image_name, description, postal_code, address, opening_hour, closing_hour, reservation_capacity, budget_range, category_id) VALUES(39,'手羽先の壺', 'tebasaki3.jpg', '辛さと旨味が絶妙な自家製タレが好評。', '460-0003', '名古屋市中村区名駅北', 11, 22, 35, 3, 3);
INSERT IGNORE INTO restaurants (id, venue_name, image_name, description, postal_code, address, opening_hour, closing_hour, reservation_capacity, budget_range, category_id) VALUES(40,'名古屋手羽先本舗', 'tebasaki4.jpg', 'ジューシーな手羽先が堪能できる店。', '460-0004', '名古屋市中村区名駅東', 11, 22, 25, 3, 3);
INSERT IGNORE INTO restaurants (id, venue_name, image_name, description, postal_code, address, opening_hour, closing_hour, reservation_capacity, budget_range, category_id) VALUES(41,'手羽先カフェ', 'tebasaki5.jpg', 'カジュアルに手羽先を楽しめる居心地の良い店。', '460-0005', '名古屋市中村区名駅西', 11, 22, 50, 4, 3);
INSERT IGNORE INTO restaurants (id, venue_name, image_name, description, postal_code, address, opening_hour, closing_hour, reservation_capacity, budget_range, category_id) VALUES(42,'手羽先工房', 'tebasaki6.jpg', '伝統的な製法で揚げたてを提供。', '460-0006', '名古屋市中村区名駅中央', 11, 22, 45, 3, 3);
INSERT IGNORE INTO restaurants (id, venue_name, image_name, description, postal_code, address, opening_hour, closing_hour, reservation_capacity, budget_range, category_id) VALUES(43,'手羽先の家', 'tebasaki7.jpg', '家族みんなで楽しめる、手羽先専門店。', '460-0007', '名古屋市中村区名駅南', 11, 22, 40, 3, 3);
INSERT IGNORE INTO restaurants (id, venue_name, image_name, description, postal_code, address, opening_hour, closing_hour, reservation_capacity, budget_range, category_id) VALUES(44,'手羽先バル', 'tebasaki8.jpg', 'おしゃれな雰囲気で手羽先を満喫。', '460-0008', '名古屋市中村区名駅', 11, 22, 30, 3, 3);
INSERT IGNORE INTO restaurants (id, venue_name, image_name, description, postal_code, address, opening_hour, closing_hour, reservation_capacity, budget_range, category_id) VALUES(45,'手羽先処', 'tebasaki9.jpg', '人気の手羽先メニューが豊富なお店。', '460-0009', '名古屋市中村区名駅南', 11, 22, 20, 3, 3);
INSERT IGNORE INTO restaurants (id, venue_name, image_name, description, postal_code, address, opening_hour, closing_hour, reservation_capacity, budget_range, category_id) VALUES(46,'名古屋名物手羽先店', 'tebasaki10.jpg', '秘伝のタレで楽しむ本格手羽先。', '460-0010', '名古屋市中村区名駅北', 11, 22, 35, 3, 3);
INSERT IGNORE INTO restaurants (id, venue_name, image_name, description, postal_code, address, opening_hour, closing_hour, reservation_capacity, budget_range, category_id) VALUES(47,'手羽先の旅', 'tebasaki11.jpg', 'いろんなスタイルの手羽先を楽しめる店。', '460-0011', '名古屋市中村区名駅東', 11, 22, 25, 3, 3);
INSERT IGNORE INTO restaurants (id, venue_name, image_name, description, postal_code, address, opening_hour, closing_hour, reservation_capacity, budget_range, category_id) VALUES(48,'味噌おでんの名店', 'misooden1.jpg', 'こだわりの味噌で煮込んだおでんが自慢。', '460-0001', '名古屋市中村区名駅', 11, 22, 40, 3, 4);
INSERT IGNORE INTO restaurants (id, venue_name, image_name, description, postal_code, address, opening_hour, closing_hour, reservation_capacity, budget_range, category_id) VALUES(49,'名古屋味噌おでん屋', 'misooden2.jpg', 'あたたかい味噌おでんを心ゆくまで楽しむ。', '460-0002', '名古屋市中村区名駅南', 11, 22, 30, 3, 4);
INSERT IGNORE INTO restaurants (id, venue_name, image_name, description, postal_code, address, opening_hour, closing_hour, reservation_capacity, budget_range, category_id) VALUES(50,'味噌おでんの家', 'misooden3.jpg', '手作りの味噌で作ったおでんが人気。', '460-0003', '名古屋市中村区名駅北', 11, 22, 35, 3, 4);
INSERT IGNORE INTO restaurants (id, venue_name, image_name, description, postal_code, address, opening_hour, closing_hour, reservation_capacity, budget_range, category_id) VALUES(51,'本格味噌おでん亭', 'misooden4.jpg', '味噌と素材の旨味が引き立つ一皿。', '460-0004', '名古屋市中村区名駅東', 11, 22, 25, 3, 4);
INSERT IGNORE INTO restaurants (id, venue_name, image_name, description, postal_code, address, opening_hour, closing_hour, reservation_capacity, budget_range, category_id) VALUES(52,'味噌おでんカフェ', 'misooden5.jpg', 'オシャレな空間で楽しむ味噌おでん。', '460-0005', '名古屋市中村区名駅西', 11, 22, 50, 4, 4);
INSERT IGNORE INTO restaurants (id, venue_name, image_name, description, postal_code, address, opening_hour, closing_hour, reservation_capacity, budget_range, category_id) VALUES(53,'味噌おでん横丁', 'misooden6.jpg', 'カジュアルに楽しめる味噌おでんのお店。', '460-0006', '名古屋市中村区名駅中央', 11, 22, 45, 3, 4);
INSERT IGNORE INTO restaurants (id, venue_name, image_name, description, postal_code, address, opening_hour, closing_hour, reservation_capacity, budget_range, category_id) VALUES(54,'味噌おでん工房', 'misooden7.jpg', '毎日作りたての味噌おでんを提供する。', '460-0007', '名古屋市中村区名駅南', 11, 22, 40, 3, 4);
INSERT IGNORE INTO restaurants (id, venue_name, image_name, description, postal_code, address, opening_hour, closing_hour, reservation_capacity, budget_range, category_id) VALUES(55,'名古屋味噌おでん道場', 'misooden8.jpg', '家庭的な雰囲気で安心して楽しめる。', '460-0008', '名古屋市中村区名駅', 11, 22, 30, 3, 4);
INSERT IGNORE INTO restaurants (id, venue_name, image_name, description, postal_code, address, opening_hour, closing_hour, reservation_capacity, budget_range, category_id) VALUES(56,'味噌おでんバル', 'misooden9.jpg', '多彩なおでんメニューを取り揃えている。', '460-0009', '名古屋市中村区名駅南', 11, 22, 20, 3, 4);
INSERT IGNORE INTO restaurants (id, venue_name, image_name, description, postal_code, address, opening_hour, closing_hour, reservation_capacity, budget_range, category_id) VALUES(57,'味噌おでんの夢', 'misooden10.jpg', 'ふんわりとしたおでんの味わいが広がる。', '460-0010', '名古屋市中村区名駅北', 11, 22, 35, 3, 4);
INSERT IGNORE INTO restaurants (id, venue_name, image_name, description, postal_code, address, opening_hour, closing_hour, reservation_capacity, budget_range, category_id) VALUES(58,'名古屋名物味噌おでん屋', 'misooden11.jpg', '地元の味を大切にした、アットホームな店。', '460-0011', '名古屋市中村区名駅東', 11, 22, 25, 3, 4);
INSERT IGNORE INTO restaurants (id, venue_name, image_name, description, postal_code, address, opening_hour, closing_hour, reservation_capacity, budget_range, category_id) VALUES(59,'味噌おでんの伝承', 'misooden12.jpg', '昔ながらの味を引き継いでいる味噌おでん店。', '460-0012', '名古屋市中村区名駅西', 11, 22, 40, 3, 4);
INSERT IGNORE INTO restaurants (id, venue_name, image_name, description, postal_code, address, opening_hour, closing_hour, reservation_capacity, budget_range, category_id) VALUES(60,'味噌おでんの物語', 'misooden13.jpg', '多彩な具材で飽きの来ない味わいを実現。', '460-0013', '名古屋市中村区名駅南', 11, 22, 45, 4, 4);
INSERT IGNORE INTO restaurants (id, venue_name, image_name, description, postal_code, address, opening_hour, closing_hour, reservation_capacity, budget_range, category_id) VALUES(61,'味噌おでんバリエーション', 'misooden14.jpg', '創作味噌おでんが楽しめるユニークなお店。', '460-0014', '名古屋市中村区名駅北', 11, 22, 30, 3, 4);
INSERT IGNORE INTO restaurants (id, venue_name, image_name, description, postal_code, address, opening_hour, closing_hour, reservation_capacity, budget_range, category_id) VALUES(62,'味噌おでんの郷', 'misooden15.jpg', '心温まる味で、家族で楽しめる場所。', '460-0015', '名古屋市中村区名駅東', 11, 22, 35, 3, 4);
INSERT IGNORE INTO restaurants (id, venue_name, image_name, description, postal_code, address, opening_hour, closing_hour, reservation_capacity, budget_range, category_id) VALUES(63,'味噌おでんの楽園', 'misooden16.jpg', '新しいおでんのスタイルを提案する店。', '460-0016', '名古屋市中村区名駅南', 11, 22, 25, 3, 4);
INSERT IGNORE INTO restaurants (id, venue_name, image_name, description, postal_code, address, opening_hour, closing_hour, reservation_capacity, budget_range, category_id) VALUES(64,'名古屋味噌おでんの旅', 'misooden17.jpg', 'おでんをテーマにした楽しい店内。', '460-0017', '名古屋市中村区名駅西', 11, 22, 40, 3, 4);
INSERT IGNORE INTO restaurants (id, venue_name, image_name, description, postal_code, address, opening_hour, closing_hour, reservation_capacity, budget_range, category_id) VALUES(65,'味噌おでんの時間', 'misooden18.jpg', '静かに味わう味噌おでんが楽しめる店。', '460-0018', '名古屋市中村区名駅中央', 11, 22, 50, 4, 4);
INSERT IGNORE INTO restaurants (id, venue_name, image_name, description, postal_code, address, opening_hour, closing_hour, reservation_capacity, budget_range, category_id) VALUES(66,'うどん名人', 'udon1.jpg', 'こだわりの出汁で作る本格うどん。', '460-0001', '名古屋市中村区名駅', 11, 22, 40, 2, 5);
INSERT IGNORE INTO restaurants (id, venue_name, image_name, description, postal_code, address, opening_hour, closing_hour, reservation_capacity, budget_range, category_id) VALUES(67,'うどん家', 'udon2.jpg', '自家製麺のうどんを楽しめるアットホームな店。', '460-0002', '名古屋市中村区名駅南', 11, 22, 30, 2, 5);
INSERT IGNORE INTO restaurants (id, venue_name, image_name, description, postal_code, address, opening_hour, closing_hour, reservation_capacity, budget_range, category_id) VALUES(68,'名古屋うどん工房', 'udon3.jpg', '多彩なトッピングが楽しめるうどん専門店。', '460-0003', '名古屋市中村区名駅北', 11, 22, 35, 2, 5);
INSERT IGNORE INTO restaurants (id, venue_name, image_name, description, postal_code, address, opening_hour, closing_hour, reservation_capacity, budget_range, category_id) VALUES(69,'うどんの家', 'udon4.jpg', '健康志向のうどんが人気の居心地の良い店。', '460-0004', '名古屋市中村区名駅東', 11, 22, 25, 2, 5);
INSERT IGNORE INTO restaurants (id, venue_name, image_name, description, postal_code, address, opening_hour, closing_hour, reservation_capacity, budget_range, category_id) VALUES(70,'本格うどんの店', 'udon5.jpg', '丁寧に作られたうどんをリーズナブルに。', '460-0005', '名古屋市中村区名駅西', 11, 22, 50, 2, 5);
INSERT IGNORE INTO restaurants (id, venue_name, image_name, description, postal_code, address, opening_hour, closing_hour, reservation_capacity, budget_range, category_id) VALUES(71,'うどんの旅', 'udon6.jpg', '創作うどんが楽しめるユニークなお店。', '460-0006', '名古屋市中村区名駅中央', 11, 22, 45, 2, 5);
INSERT IGNORE INTO restaurants (id, venue_name, image_name, description, postal_code, address, opening_hour, closing_hour, reservation_capacity, budget_range, category_id) VALUES(72,'うどんの邸宅', 'udon7.jpg', '落ち着いた雰囲気でじっくり味わえる。', '460-0007', '名古屋市中村区名駅南', 11, 22, 40, 2, 5);
INSERT IGNORE INTO restaurants (id, venue_name, image_name, description, postal_code, address, opening_hour, closing_hour, reservation_capacity, budget_range, category_id) VALUES(73,'うどん工房', 'udon8.jpg', '手打ちのうどんを提供する職人の店。', '460-0008', '名古屋市中村区名駅', 11, 22, 30, 2, 5);
INSERT IGNORE INTO restaurants (id, venue_name, image_name, description, postal_code, address, opening_hour, closing_hour, reservation_capacity, budget_range, category_id) VALUES(74,'うどんの饗宴', 'udon9.jpg', 'うどんと共に楽しむセットメニューが豊富。', '460-0009', '名古屋市中村区名駅南', 11, 22, 20, 2, 5);
INSERT IGNORE INTO restaurants (id, venue_name, image_name, description, postal_code, address, opening_hour, closing_hour, reservation_capacity, budget_range, category_id) VALUES(75,'うどんの幸せ', 'udon10.jpg', '皆で分け合う楽しいうどん体験を提供。', '460-0010', '名古屋市中村区名駅北', 11, 22, 35, 2, 5);
INSERT IGNORE INTO restaurants (id, venue_name, image_name, description, postal_code, address, opening_hour, closing_hour, reservation_capacity, budget_range, category_id) VALUES(76,'名古屋モーニングカフェ', 'morning1.jpg', '朝食にぴったりなモーニングセットが自慢。', '460-0001', '名古屋市中村区名駅', 7, 11, 40, 3, 6);
INSERT IGNORE INTO restaurants (id, venue_name, image_name, description, postal_code, address, opening_hour, closing_hour, reservation_capacity, budget_range, category_id) VALUES(77,'モーニングの家', 'morning2.jpg', 'こだわりのコーヒーとモーニングが楽しめる。', '460-0002', '名古屋市中村区名駅南', 7, 11, 30, 3, 6);
INSERT IGNORE INTO restaurants (id, venue_name, image_name, description, postal_code, address, opening_hour, closing_hour, reservation_capacity, budget_range, category_id) VALUES(78,'モーニング名人', 'morning3.jpg', 'ボリューム満点のモーニングが自慢のお店。', '460-0003', '名古屋市中村区名駅北', 7, 11, 35, 3, 6);
INSERT IGNORE INTO restaurants (id, venue_name, image_name, description, postal_code, address, opening_hour, closing_hour, reservation_capacity, budget_range, category_id) VALUES(79,'モーニング処', 'morning4.jpg', '新鮮な食材を使った自慢のモーニング。', '460-0004', '名古屋市中村区名駅東', 7, 11, 25, 3, 6);
INSERT IGNORE INTO restaurants (id, venue_name, image_name, description, postal_code, address, opening_hour, closing_hour, reservation_capacity, budget_range, category_id) VALUES(80,'モーニングカフェ', 'morning5.jpg', '心地よい空間で朝食を楽しむ特別な時間。', '460-0005', '名古屋市中村区名駅西', 7, 11, 50, 3, 6);
INSERT IGNORE INTO restaurants (id, venue_name, image_name, description, postal_code, address, opening_hour, closing_hour, reservation_capacity, budget_range, category_id) VALUES(81,'モーニング横丁', 'morning6.jpg', '気軽に楽しめるモーニングメニューが豊富。', '460-0006', '名古屋市中村区名駅中央', 7, 11, 45, 3, 6);
INSERT IGNORE INTO restaurants (id, venue_name, image_name, description, postal_code, address, opening_hour, closing_hour, reservation_capacity, budget_range, category_id) VALUES(82,'モーニングの邸宅', 'morning7.jpg', 'くつろぎの時間を提供するモーニング専門店。', '460-0007', '名古屋市中村区名駅南', 7, 11, 40, 3, 6);
INSERT IGNORE INTO restaurants (id, venue_name, image_name, description, postal_code, address, opening_hour, closing_hour, reservation_capacity, budget_range, category_id) VALUES(83,'モーニングバル', 'morning8.jpg', 'おしゃれな雰囲気で特製モーニングを提供。', '460-0008', '名古屋市中村区名駅', 7, 11, 30, 3, 6);
INSERT IGNORE INTO restaurants (id, venue_name, image_name, description, postal_code, address, opening_hour, closing_hour, reservation_capacity, budget_range, category_id) VALUES(84,'モーニングの旅', 'morning9.jpg', '多彩なモーニングメニューが楽しめる店。', '460-0009', '名古屋市中村区名駅南', 7, 11, 20, 3, 6);
INSERT IGNORE INTO restaurants (id, venue_name, image_name, description, postal_code, address, opening_hour, closing_hour, reservation_capacity, budget_range, category_id) VALUES(85,'モーニングの宝石', 'morning10.jpg', '朝のひとときを特別に演出するお店。', '460-0010', '名古屋市中村区名駅北', 7, 11, 35, 3, 6);
INSERT IGNORE INTO restaurants (id, venue_name, image_name, description, postal_code, address, opening_hour, closing_hour, reservation_capacity, budget_range, category_id) VALUES(86,'ナポリタン専門店', 'napolitan1.jpg', '特製ソースが自慢の本格ナポリタン。', '460-0001', '名古屋市中村区名駅', 11, 22, 30, 2, 7);
INSERT IGNORE INTO restaurants (id, venue_name, image_name, description, postal_code, address, opening_hour, closing_hour, reservation_capacity, budget_range, category_id) VALUES(87,'ナポリタンの王国', 'napolitan2.jpg', '多彩なナポリタンメニューが楽しめる店。', '460-0002', '名古屋市中村区名駅南', 11, 22, 40, 2, 7);
INSERT IGNORE INTO restaurants (id, venue_name, image_name, description, postal_code, address, opening_hour, closing_hour, reservation_capacity, budget_range, category_id) VALUES(88,'ナポリタン屋台', 'napolitan3.jpg', 'アットホームな雰囲気で味わうナポリタン。', '460-0003', '名古屋市中村区名駅北', 11, 22, 25, 2,  7);
INSERT IGNORE INTO restaurants (id, venue_name, image_name, description, postal_code, address, opening_hour, closing_hour, reservation_capacity, budget_range, category_id) VALUES(89,'ナポリタン工房', 'napolitan4.jpg', 'こだわりの自家製ソースを使用した一品。', '460-0004', '名古屋市中村区名駅東', 11, 22, 35, 2, 7);
INSERT IGNORE INTO restaurants (id, venue_name, image_name, description, postal_code, address, opening_hour, closing_hour, reservation_capacity, budget_range, category_id) VALUES(90,'ナポリタンの秘密', 'napolitan5.jpg', '隠れ家的な場所で特製ナポリタンを堪能。', '460-0005', '名古屋市中村区名駅西', 11, 22, 50, 2,  7);
INSERT IGNORE INTO restaurants (id, venue_name, image_name, description, postal_code, address, opening_hour, closing_hour, reservation_capacity, budget_range, category_id) VALUES(91,'ナポリタンバル', 'napolitan6.jpg', 'おしゃれな空間で楽しむナポリタン。', '460-0006', '名古屋市中村区名駅中央', 11, 22, 45, 2, 7);
INSERT IGNORE INTO restaurants (id, venue_name, image_name, description, postal_code, address, opening_hour, closing_hour, reservation_capacity, budget_range, category_id) VALUES(92,'ナポリタンの夢', 'napolitan7.jpg', '夢のような美味しさのナポリタンを提供。', '460-0007', '名古屋市中村区名駅南', 11, 22, 30, 2, 7);
INSERT IGNORE INTO restaurants (id, venue_name, image_name, description, postal_code, address, opening_hour, closing_hour, reservation_capacity, budget_range, category_id) VALUES(93,'ういろう本舗', 'uirou1.jpg', '伝統的な味わいのういろうを楽しめる。', '460-0001', '名古屋市中村区名駅', 10, 19, 20, 1, 8);
INSERT IGNORE INTO restaurants (id, venue_name, image_name, description, postal_code, address, opening_hour, closing_hour, reservation_capacity, budget_range, category_id) VALUES(94,'おせんべい工房', 'uirou2.jpg', '手作りおせんべいが評判の隠れ家。', '460-0002', '名古屋市中村区名駅南', 10, 19, 15, 1, 8);
INSERT IGNORE INTO restaurants (id, venue_name, image_name, description, postal_code, address, opening_hour, closing_hour, reservation_capacity, budget_range, category_id) VALUES(95,'和喫茶カフェ', 'uirou3.jpg', 'おしゃれなカフェスタイルで和菓子を提供。', '460-0003', '名古屋市中村区名駅北', 10, 19, 25, 1, 8);
INSERT IGNORE INTO restaurants (id, venue_name, image_name, description, postal_code, address, opening_hour, closing_hour, reservation_capacity, budget_range, category_id) VALUES(96,'ういろうの里', 'uirou4.jpg', '郷土の味を大切にしたういろう専門店。', '460-0004', '名古屋市中村区名駅東', 10, 19, 30, 1, 8);
INSERT IGNORE INTO restaurants (id, venue_name, image_name, description, postal_code, address, opening_hour, closing_hour, reservation_capacity, budget_range, category_id) VALUES(97,'ういろうバル', 'uirou5.jpg', '多様なういろうを楽しめるバルスタイル。', '460-0005', '名古屋市中村区名駅西', 10, 19, 40, 1, 8);
INSERT IGNORE INTO restaurants (id, venue_name, image_name, description, postal_code, address, opening_hour, closing_hour, reservation_capacity, budget_range, category_id) VALUES(98,'和菓子の旅', 'uirou6.jpg', '伝統と革新が融合した和菓子の世界。', '460-0006', '名古屋市中村区名駅中央', 10, 19, 35, 1, 8);
INSERT IGNORE INTO restaurants (id, venue_name, image_name, description, postal_code, address, opening_hour, closing_hour, reservation_capacity, budget_range, category_id) VALUES(99,'ういろうの店', 'uirou7.jpg', '懐かしい味わいが楽しめるういろう専門店。', '460-0007', '名古屋市中村区名駅南', 10, 19, 20, 1, 8);

-- ユーザーデータ
INSERT IGNORE INTO users (id, full_name, kana, email, enabled,  password, paid_license, admin, subscription_id) VALUES (1, '侍 太郎', 'サムライ タロウ','taro.samurai@example.com', true, '$2a$10$2JNjTwZBwo7fprL2X4sv.OEKqxnVtsVQvuXDkI8xVGix.U3W5B7CO',  false, true, "");
INSERT IGNORE INTO users (id, full_name, kana, email, enabled,  password, paid_license, admin, subscription_id) VALUES (2, '侍 花子', 'サムライ ハナコ',  'hanako.samurai@example.com', true, '$2a$10$2JNjTwZBwo7fprL2X4sv.OEKqxnVtsVQvuXDkI8xVGix.U3W5B7CO', true, false, "");
INSERT IGNORE INTO users (id, full_name, kana, email, enabled,  password, paid_license, admin, subscription_id) VALUES (3, '侍 義勝', 'サムライ ヨシカツ', 'yoshikatsu.samurai@example.com', true, '$2a$10$2JNjTwZBwo7fprL2X4sv.OEKqxnVtsVQvuXDkI8xVGix.U3W5B7CO', false, false, "");
INSERT IGNORE INTO users (id, full_name, kana, email, enabled,  password, paid_license, admin, subscription_id) VALUES (4, '侍 幸美', 'サムライ サチミ', 'sachimi.samurai@example.com', true, '$2a$10$2JNjTwZBwo7fprL2X4sv.OEKqxnVtsVQvuXDkI8xVGix.U3W5B7CO', false, false, "");
INSERT IGNORE INTO users (id, full_name, kana, email, enabled,  password, paid_license, admin, subscription_id) VALUES (5, '侍 雅', 'サムライ ミヤビ', 'miyabi.samurai@example.com', true, '$2a$10$2JNjTwZBwo7fprL2X4sv.OEKqxnVtsVQvuXDkI8xVGix.U3W5B7CO', false, false, "");
INSERT IGNORE INTO users (id, full_name, kana, email, enabled,  password, paid_license, admin, subscription_id) VALUES (6, '侍 正保', 'サムライ マサヤス', 'masayasu.samurai@example.com', true, '$2a$10$2JNjTwZBwo7fprL2X4sv.OEKqxnVtsVQvuXDkI8xVGix.U3W5B7CO', false, false, "");
INSERT IGNORE INTO users (id, full_name, kana, email, enabled,  password, paid_license, admin, subscription_id) VALUES (7, '侍 真由美', 'サムライ マユミ', 'mayumi.samurai@example.com',  true, '$2a$10$2JNjTwZBwo7fprL2X4sv.OEKqxnVtsVQvuXDkI8xVGix.U3W5B7CO', false, false, "");
INSERT IGNORE INTO users (id, full_name, kana, email, enabled,  password, paid_license, admin, subscription_id) VALUES (8, '侍 安民', 'サムライ ヤスタミ', 'yasutami.samurai@example.com',  true,'$2a$10$2JNjTwZBwo7fprL2X4sv.OEKqxnVtsVQvuXDkI8xVGix.U3W5B7CO', false, false, "");
INSERT IGNORE INTO users (id, full_name, kana, email, enabled,  password, paid_license, admin, subscription_id) VALUES (9, '侍 章緒', 'サムライ アキオ', 'akio.samurai@example.com', true, '$2a$10$2JNjTwZBwo7fprL2X4sv.OEKqxnVtsVQvuXDkI8xVGix.U3W5B7CO', false, false, "");
INSERT IGNORE INTO users (id, full_name, kana, email, enabled,  password, paid_license, admin, subscription_id) VALUES (10, '侍 祐子', 'サムライ ユウコ', 'yuko.samurai@example.com', true, '$2a$10$2JNjTwZBwo7fprL2X4sv.OEKqxnVtsVQvuXDkI8xVGix.U3W5B7CO', false, false, "");
INSERT IGNORE INTO users (id, full_name, kana, email, enabled,  password, paid_license, admin, subscription_id) VALUES (11, '侍 秋美', 'サムライ アキミ', 'akimi.samurai@example.com', true, '$2a$10$2JNjTwZBwo7fprL2X4sv.OEKqxnVtsVQvuXDkI8xVGix.U3W5B7CO', false, false, "");
INSERT IGNORE INTO users (id, full_name, kana, email, enabled,  password, paid_license, admin, subscription_id) VALUES (12, '侍 信平', 'サムライ シンペイ', 'shinpei.samurai@example.com', true, '$2a$10$2JNjTwZBwo7fprL2X4sv.OEKqxnVtsVQvuXDkI8xVGix.U3W5B7CO', false, false, "");

--REVIEW DATA
INSERT IGNORE INTO reviews (id, restaurant_id, user_id, star_id, comment) VALUES (1, 1, 2, 5, '最高の体験でした！また行きたいです。');
INSERT IGNORE INTO reviews (id, restaurant_id, user_id, star_id, comment) VALUES (2, 1, 3, 4, 'サービスが良くて、料理もおいしかった。');
INSERT IGNORE INTO reviews (id, restaurant_id, user_id, star_id, comment) VALUES (3, 1, 4, 5, '料理の種類が豊富で、楽しめました！');
INSERT IGNORE INTO reviews (id, restaurant_id, user_id, star_id, comment) VALUES (4, 1, 5, 5, 'デザートが特に美味しかったです！');
INSERT IGNORE INTO reviews (id, restaurant_id, user_id, star_id, comment) VALUES (5, 1, 6, 4, '家族で行ったが、みんな満足。');
INSERT IGNORE INTO reviews (id, restaurant_id, user_id, star_id, comment) VALUES (6, 1, 7, 3, '普通のレストランという感じでした。');
INSERT IGNORE INTO reviews (id, restaurant_id, user_id, star_id, comment) VALUES (7, 1, 8, 5, 'また絶対に訪れます！');
INSERT IGNORE INTO reviews (id, restaurant_id, user_id, star_id, comment) VALUES (8, 1, 9, 4, '雰囲気がとても良い。');
INSERT IGNORE INTO reviews (id, restaurant_id, user_id, star_id, comment) VALUES (9, 1, 10, 5, 'ここは特におすすめの場所です！');
INSERT IGNORE INTO reviews (id, restaurant_id, user_id, star_id, comment) VALUES (10, 1, 11, 4, 'お酒の種類も豊富で楽しめました。');
INSERT IGNORE INTO reviews (id, restaurant_id, user_id, star_id, comment) VALUES (11, 1, 12, 3, '期待したほどではなかった。');
INSERT IGNORE INTO reviews (id, restaurant_id, user_id, star_id, comment) VALUES (12, 1, 2, 5, '料理が本当に美味しい！');
INSERT IGNORE INTO reviews (id, restaurant_id, user_id, star_id, comment) VALUES (13, 1, 3, 4, '居心地が良く、落ち着いて食事ができる。');
INSERT IGNORE INTO reviews (id, restaurant_id, user_id, star_id, comment) VALUES (14, 1, 4, 5, 'また友達を連れてきたい。');
INSERT IGNORE INTO reviews (id, restaurant_id, user_id, star_id, comment) VALUES (15, 1, 5, 4, '料理は美味しいが、少し高め。');
INSERT IGNORE INTO reviews (id, restaurant_id, user_id, star_id, comment) VALUES (16, 5, 2, 5, '驚くほど美味しい料理でした！');
INSERT IGNORE INTO reviews (id, restaurant_id, user_id, star_id, comment) VALUES (17, 5, 3, 4, '特にスープが絶品でした。');
INSERT IGNORE INTO reviews (id, restaurant_id, user_id, star_id, comment) VALUES (18, 5, 4, 3, '普通の味でした。特に印象に残らない。');
INSERT IGNORE INTO reviews (id, restaurant_id, user_id, star_id, comment) VALUES (19, 5, 5, 5, 'サービスも良くて大満足です！');
INSERT IGNORE INTO reviews (id, restaurant_id, user_id, star_id, comment) VALUES (20, 5, 6, 4, '落ち着いた雰囲気で過ごしやすい。');
INSERT IGNORE INTO reviews (id, restaurant_id, user_id, star_id, comment) VALUES (21, 5, 7, 5, 'また行きたいと思わせるお店です！');
INSERT IGNORE INTO reviews (id, restaurant_id, user_id, star_id, comment) VALUES (22, 5, 8, 4, '全体的にバランスの取れた料理。');
INSERT IGNORE INTO reviews (id, restaurant_id, user_id, star_id, comment) VALUES (23, 5, 9, 3, 'もう少し量が欲しかったです。');
INSERT IGNORE INTO reviews (id, restaurant_id, user_id, star_id, comment) VALUES (24, 5, 10, 5, '友人を連れてきたい！');
INSERT IGNORE INTO reviews (id, restaurant_id, user_id, star_id, comment) VALUES (25, 5, 11, 4, '新鮮な食材が使用されていて、安心感がある。');
INSERT IGNORE INTO reviews (id, restaurant_id, user_id, star_id, comment) VALUES (26, 5, 12, 5, '本当に最高でした！');
INSERT IGNORE INTO reviews (id, restaurant_id, user_id, star_id, comment) VALUES (27, 7, 2, 4, 'とても良い雰囲気でした。');
INSERT IGNORE INTO reviews (id, restaurant_id, user_id, star_id, comment) VALUES (28, 7, 3, 5, '料理がとても美味しかった！');
INSERT IGNORE INTO reviews (id, restaurant_id, user_id, star_id, comment) VALUES (29, 7, 4, 3, '普通でしたが、悪くはない。');
INSERT IGNORE INTO reviews (id, restaurant_id, user_id, star_id, comment) VALUES (30, 7, 5, 5, 'スタッフが親切でした。');
INSERT IGNORE INTO reviews (id, restaurant_id, user_id, star_id, comment) VALUES (31, 7, 6, 4, 'また来たいと思えるお店。');
INSERT IGNORE INTO reviews (id, restaurant_id, user_id, star_id, comment) VALUES (32, 7, 7, 5, '特にデザートが最高！');
INSERT IGNORE INTO reviews (id, restaurant_id, user_id, star_id, comment) VALUES (33, 7, 8, 3, '期待していたほどではなかった。');
INSERT IGNORE INTO reviews (id, restaurant_id, user_id, star_id, comment) VALUES (34, 7, 9, 5, 'ここは本当におすすめです。');
INSERT IGNORE INTO reviews (id, restaurant_id, user_id, star_id, comment) VALUES (35, 7, 10, 4, '料理の盛り付けが美しかった。');
INSERT IGNORE INTO reviews (id, restaurant_id, user_id, star_id, comment) VALUES (36, 7, 11, 5, '再訪確定のお店です！');
INSERT IGNORE INTO reviews (id, restaurant_id, user_id, star_id, comment) VALUES (37, 7, 12, 4, 'コストパフォーマンスが良かったです。');
INSERT IGNORE INTO reviews (id, restaurant_id, user_id, star_id, comment) VALUES (38, 22, 2, 5, '最高の体験でした！');
INSERT IGNORE INTO reviews (id, restaurant_id, user_id, star_id, comment) VALUES (39, 22, 3, 4, 'とても美味しかった！');
INSERT IGNORE INTO reviews (id, restaurant_id, user_id, star_id, comment) VALUES (40, 22, 4, 3, '普通でしたが、居心地は良かった。');
INSERT IGNORE INTO reviews (id, restaurant_id, user_id, star_id, comment) VALUES (41, 22, 5, 5, '特にスイーツが美味しかったです。');
INSERT IGNORE INTO reviews (id, restaurant_id, user_id, star_id, comment) VALUES (42, 22, 6, 4, '雰囲気も素敵でした。');
INSERT IGNORE INTO reviews (id, restaurant_id, user_id, star_id, comment) VALUES (43, 22, 7, 5, 'また行きたいお店です。');
INSERT IGNORE INTO reviews (id, restaurant_id, user_id, star_id, comment) VALUES (44, 22, 8, 4, 'サービスが良く、安心感がある。');
INSERT IGNORE INTO reviews (id, restaurant_id, user_id, star_id, comment) VALUES (45, 22, 9, 3, '味は良かったが、量が少なめ。');
INSERT IGNORE INTO reviews (id, restaurant_id, user_id, star_id, comment) VALUES (46, 22, 10, 5, 'また訪れます！');
INSERT IGNORE INTO reviews (id, restaurant_id, user_id, star_id, comment) VALUES (47, 22, 11, 4, 'リラックスできる場所でした。');
INSERT IGNORE INTO reviews (id, restaurant_id, user_id, star_id, comment) VALUES (48, 22, 12, 5, '料理が全て美味しかったです！');
INSERT IGNORE INTO reviews (id, restaurant_id, user_id, star_id, comment) VALUES (49, 27, 2, 4, 'おしゃれで落ち着いた雰囲気。');
INSERT IGNORE INTO reviews (id, restaurant_id, user_id, star_id, comment) VALUES (50, 27, 3, 5, '味が濃厚でとても美味しい！');
INSERT IGNORE INTO reviews (id, restaurant_id, user_id, star_id, comment) VALUES (51, 27, 4, 3, '普通でしたが、もう一度行くかも。');
INSERT IGNORE INTO reviews (id, restaurant_id, user_id, star_id, comment) VALUES (52, 27, 5, 5, '特に魚料理が絶品でした！');
INSERT IGNORE INTO reviews (id, restaurant_id, user_id, star_id, comment) VALUES (53, 27, 6, 4, '全体的に満足でした。');
INSERT IGNORE INTO reviews (id, restaurant_id, user_id, star_id, comment) VALUES (54, 27, 7, 5, '友人を連れてきたいお店！');
INSERT IGNORE INTO reviews (id, restaurant_id, user_id, star_id, comment) VALUES (55, 27, 8, 4, '食材が新鮮で良かったです。');
INSERT IGNORE INTO reviews (id, restaurant_id, user_id, star_id, comment) VALUES (56, 27, 9, 3, 'もう少しボリュームが欲しかった。');
INSERT IGNORE INTO reviews (id, restaurant_id, user_id, star_id, comment) VALUES (57, 27, 10, 5, 'すべての料理が美味しい！');
INSERT IGNORE INTO reviews (id, restaurant_id, user_id, star_id, comment) VALUES (58, 27, 11, 4, 'デザートもぜひ試してほしい！');
INSERT IGNORE INTO reviews (id, restaurant_id, user_id, star_id, comment) VALUES (59, 27, 12, 5, '絶対にまた訪れるつもりです。');
INSERT IGNORE INTO reviews (id, restaurant_id, user_id, star_id, comment) VALUES (60, 32, 2, 5, '美味しすぎて驚きました！');
INSERT IGNORE INTO reviews (id, restaurant_id, user_id, star_id, comment) VALUES (61, 32, 3, 4, 'リラックスできる場所でした。');
INSERT IGNORE INTO reviews (id, restaurant_id, user_id, star_id, comment) VALUES (62, 32, 4, 3, '普通でしたが、居心地が良かった。');
INSERT IGNORE INTO reviews (id, restaurant_id, user_id, star_id, comment) VALUES (63, 32, 5, 5, 'デザートが特に良かった！');
INSERT IGNORE INTO reviews (id, restaurant_id, user_id, star_id, comment) VALUES (64, 32, 6, 4, '全体的に満足でした！');
INSERT IGNORE INTO reviews (id, restaurant_id, user_id, star_id, comment) VALUES (65, 32, 7, 5, 'また訪れます！');
INSERT IGNORE INTO reviews (id, restaurant_id, user_id, star_id, comment) VALUES (66, 32, 8, 4, 'サービスが丁寧で良かったです。');
INSERT IGNORE INTO reviews (id, restaurant_id, user_id, star_id, comment) VALUES (67, 32, 9, 3, '料理は美味しいけど、量が少なめ。');
INSERT IGNORE INTO reviews (id, restaurant_id, user_id, star_id, comment) VALUES (68, 32, 10, 5, 'ここは本当におすすめ！');
INSERT IGNORE INTO reviews (id, restaurant_id, user_id, star_id, comment) VALUES (69, 32, 11, 4, '雰囲気がとても良かったです。');
INSERT IGNORE INTO reviews (id, restaurant_id, user_id, star_id, comment) VALUES (70, 32, 12, 5, '料理が全て美味しかった！');
INSERT IGNORE INTO reviews (id, restaurant_id, user_id, star_id, comment) VALUES (71, 49, 2, 5, '驚くほど美味しかったです！');
INSERT IGNORE INTO reviews (id, restaurant_id, user_id, star_id, comment) VALUES (72, 49, 3, 4, '居心地が良く、ゆっくりできた。');
INSERT IGNORE INTO reviews (id, restaurant_id, user_id, star_id, comment) VALUES (73, 49, 4, 3, '普通でしたが、もう一度行くかも。');
INSERT IGNORE INTO reviews (id, restaurant_id, user_id, star_id, comment) VALUES (74, 49, 5, 5, '特にデザートが最高でした！');
INSERT IGNORE INTO reviews (id, restaurant_id, user_id, star_id, comment) VALUES (75, 49, 6, 4, 'サービスも良かったです。');
INSERT IGNORE INTO reviews (id, restaurant_id, user_id, star_id, comment) VALUES (76, 49, 7, 5, 'また行きたいと思わせるお店です！');
INSERT IGNORE INTO reviews (id, restaurant_id, user_id, star_id, comment) VALUES (77, 49, 8, 4, '食材が新鮮で安心感がある。');
INSERT IGNORE INTO reviews (id, restaurant_id, user_id, star_id, comment) VALUES (78, 49, 9, 3, 'もう少し量が欲しかった。');
INSERT IGNORE INTO reviews (id, restaurant_id, user_id, star_id, comment) VALUES (79, 55, 2, 5, '料理が全て美味しかったです！');
INSERT IGNORE INTO reviews (id, restaurant_id, user_id, star_id, comment) VALUES (80, 55, 3, 4, 'スタッフが親切で良かった。');
INSERT IGNORE INTO reviews (id, restaurant_id, user_id, star_id, comment) VALUES (81, 55, 4, 3, 'もう少しボリュームが欲しかった。');
INSERT IGNORE INTO reviews (id, restaurant_id, user_id, star_id, comment) VALUES (82, 55, 5, 5, 'デザートが特に良かった！');
INSERT IGNORE INTO reviews (id, restaurant_id, user_id, star_id, comment) VALUES (83, 55, 6, 4, 'リラックスできる雰囲気でした。');
INSERT IGNORE INTO reviews (id, restaurant_id, user_id, star_id, comment) VALUES (84, 55, 7, 5, 'また来たいと思わせるお店です！');
INSERT IGNORE INTO reviews (id, restaurant_id, user_id, star_id, comment) VALUES (85, 55, 8, 4, '料理の種類が豊富で楽しめました。');
INSERT IGNORE INTO reviews (id, restaurant_id, user_id, star_id, comment) VALUES (86, 55, 9, 3, '期待していたほどではなかった。');
INSERT IGNORE INTO reviews (id, restaurant_id, user_id, star_id, comment) VALUES (87, 55, 10, 5, '友人を連れてきたいお店！');
INSERT IGNORE INTO reviews (id, restaurant_id, user_id, star_id, comment) VALUES (88, 55, 11, 4, '新鮮な食材が使用されていて安心感がある。');
INSERT IGNORE INTO reviews (id, restaurant_id, user_id, star_id, comment) VALUES (89, 55, 12, 5, '全ての料理が美味しかったです！');
INSERT IGNORE INTO reviews (id, restaurant_id, user_id, star_id, comment) VALUES (90, 79, 2, 5, '特にパスタが美味しかったです！');
INSERT IGNORE INTO reviews (id, restaurant_id, user_id, star_id, comment) VALUES (91, 79, 3, 4, '雰囲気が素敵で居心地が良い。');
INSERT IGNORE INTO reviews (id, restaurant_id, user_id, star_id, comment) VALUES (92, 79, 4, 3, '普通でしたが、落ち着いた雰囲気が良かった。');
INSERT IGNORE INTO reviews (id, restaurant_id, user_id, star_id, comment) VALUES (93, 79, 5, 5, 'デザートが特に美味しかった！');
INSERT IGNORE INTO reviews (id, restaurant_id, user_id, star_id, comment) VALUES (94, 79, 6, 4, '全体的に満足でした！');
INSERT IGNORE INTO reviews (id, restaurant_id, user_id, star_id, comment) VALUES (95, 79, 7, 5, 'スタッフがとても親切でした。');
INSERT IGNORE INTO reviews (id, restaurant_id, user_id, star_id, comment) VALUES (96, 79, 8, 4, '料理の盛り付けが美しい。');
INSERT IGNORE INTO reviews (id, restaurant_id, user_id, star_id, comment) VALUES (97, 79, 9, 3, 'もう少しボリュームが欲しかった。');
INSERT IGNORE INTO reviews (id, restaurant_id, user_id, star_id, comment) VALUES (98, 79, 10, 5, 'すべての料理が美味しい！');
INSERT IGNORE INTO reviews (id, restaurant_id, user_id, star_id, comment) VALUES (99, 79, 11, 4, 'リラックスできる場所でした。');
INSERT IGNORE INTO reviews (id, restaurant_id, user_id, star_id, comment) VALUES (100, 79, 12, 5, '再訪確定のお店です！');
INSERT IGNORE INTO reviews (id, restaurant_id, user_id, star_id, comment) VALUES (101, 99, 2, 5, '驚くほど美味しい料理でした！');
INSERT IGNORE INTO reviews (id, restaurant_id, user_id, star_id, comment) VALUES (102, 99, 3, 4, '特にスープが絶品でした。');
INSERT IGNORE INTO reviews (id, restaurant_id, user_id, star_id, comment) VALUES (103, 99, 4, 3, '普通の味でしたが、居心地は良かった。');
INSERT IGNORE INTO reviews (id, restaurant_id, user_id, star_id, comment) VALUES (104, 99, 5, 5, 'サービスも良くて大満足です！');
INSERT IGNORE INTO reviews (id, restaurant_id, user_id, star_id, comment) VALUES (105, 99, 6, 4, '落ち着いた雰囲気で過ごしやすい。');
INSERT IGNORE INTO reviews (id, restaurant_id, user_id, star_id, comment) VALUES (106, 99, 7, 5, 'また行きたいと思わせるお店です！');
INSERT IGNORE INTO reviews (id, restaurant_id, user_id, star_id, comment) VALUES (107, 99, 8, 4, '雰囲気も素敵でした。');
INSERT IGNORE INTO reviews (id, restaurant_id, user_id, star_id, comment) VALUES (108, 99, 9, 3, '料理は美味しいけど、量が少なめ。');
INSERT IGNORE INTO reviews (id, restaurant_id, user_id, star_id, comment) VALUES (109, 99, 10, 5, '本当に最高でした！');
INSERT IGNORE INTO reviews (id, restaurant_id, user_id, star_id, comment) VALUES (110, 99, 11, 4, 'コストパフォーマンスが良かったです。');
INSERT IGNORE INTO reviews (id, restaurant_id, user_id, star_id, comment) VALUES (111, 99, 12, 5, '絶対にまた訪れるつもりです。');
INSERT IGNORE INTO reviews (id, restaurant_id, user_id, star_id, comment) VALUES (112, 11, 2, 5, '素晴らしい食事体験でした！');
INSERT IGNORE INTO reviews (id, restaurant_id, user_id, star_id, comment) VALUES (113, 11, 3, 4, '料理が美味しかったですが、少し待ちました。');
INSERT IGNORE INTO reviews (id, restaurant_id, user_id, star_id, comment) VALUES (114, 11, 4, 3, '普通の味で、期待していたほどではなかった。');
INSERT IGNORE INTO reviews (id, restaurant_id, user_id, star_id, comment) VALUES (115, 11, 5, 5, 'また行きたいお店です！');
INSERT IGNORE INTO reviews (id, restaurant_id, user_id, star_id, comment) VALUES (116, 11, 6, 4, '雰囲気が良くて、楽しい時間を過ごしました。');
INSERT IGNORE INTO reviews (id, restaurant_id, user_id, star_id, comment) VALUES (117, 11, 7, 5, '料理のプレゼンテーションが素晴らしい！');
INSERT IGNORE INTO reviews (id, restaurant_id, user_id, star_id, comment) VALUES (118, 11, 8, 4, 'デザートも美味しかった。');
INSERT IGNORE INTO reviews (id, restaurant_id, user_id, star_id, comment) VALUES (119, 11, 9, 3, 'もう少し量が欲しかった。');
INSERT IGNORE INTO reviews (id, restaurant_id, user_id, star_id, comment) VALUES (120, 11, 10, 5, '特別な日には最適なお店です。');
INSERT IGNORE INTO reviews (id, restaurant_id, user_id, star_id, comment) VALUES (121, 11, 11, 4, 'スタッフが親切で良かった。');
INSERT IGNORE INTO reviews (id, restaurant_id, user_id, star_id, comment) VALUES (122, 11, 12, 5, '大満足のディナーでした！');
INSERT IGNORE INTO reviews (id, restaurant_id, user_id, star_id, comment) VALUES (123, 11, 2, 4, 'お酒の種類も豊富でした。');
INSERT IGNORE INTO reviews (id, restaurant_id, user_id, star_id, comment) VALUES (124, 11, 3, 3, '雰囲気は良かったが、料理は普通でした。');
INSERT IGNORE INTO reviews (id, restaurant_id, user_id, star_id, comment) VALUES (125, 11, 4, 5, 'また来たいと思わせるお店です！');
INSERT IGNORE INTO reviews (id, restaurant_id, user_id, star_id, comment) VALUES (126, 21, 2, 5, 'ここのラーメンは最高です！');
INSERT IGNORE INTO reviews (id, restaurant_id, user_id, star_id, comment) VALUES (127, 21, 3, 4, 'とてもおいしかったが、店が混んでいた。');
INSERT IGNORE INTO reviews (id, restaurant_id, user_id, star_id, comment) VALUES (128, 21, 4, 3, '普通のラーメンでした。');
INSERT IGNORE INTO reviews (id, restaurant_id, user_id, star_id, comment) VALUES (129, 21, 5, 5, '友達を連れてきたいと思いました！');
INSERT IGNORE INTO reviews (id, restaurant_id, user_id, star_id, comment) VALUES (130, 21, 6, 4, 'スープが特に良かった。');
INSERT IGNORE INTO reviews (id, restaurant_id, user_id, star_id, comment) VALUES (131, 21, 7, 5, '絶対にまた訪れるつもりです！');
INSERT IGNORE INTO reviews (id, restaurant_id, user_id, star_id, comment) VALUES (132, 21, 8, 4, 'スタッフがとてもフレンドリーでした。');
INSERT IGNORE INTO reviews (id, restaurant_id, user_id, star_id, comment) VALUES (133, 21, 9, 3, 'もう少し味が濃いと良かった。');
INSERT IGNORE INTO reviews (id, restaurant_id, user_id, star_id, comment) VALUES (134, 21, 10, 5, 'ラーメンのトッピングが豊富でした！');
INSERT IGNORE INTO reviews (id, restaurant_id, user_id, star_id, comment) VALUES (135, 21, 11, 4, '落ち着いた雰囲気で良かった。');
INSERT IGNORE INTO reviews (id, restaurant_id, user_id, star_id, comment) VALUES (136, 21, 12, 5, '本当に美味しいラーメンでした！');
INSERT IGNORE INTO reviews (id, restaurant_id, user_id, star_id, comment) VALUES (137, 21, 2, 4, 'サービスも良くて、楽しかった。');
INSERT IGNORE INTO reviews (id, restaurant_id, user_id, star_id, comment) VALUES (138, 21, 3, 3, '期待していたよりも普通でした。');
INSERT IGNORE INTO reviews (id, restaurant_id, user_id, star_id, comment) VALUES (139, 21, 4, 5, 'すべての料理が美味しかったです！');
INSERT IGNORE INTO reviews (id, restaurant_id, user_id, star_id, comment) VALUES (140, 41, 2, 5, '新鮮な魚が最高でした！');
INSERT IGNORE INTO reviews (id, restaurant_id, user_id, star_id, comment) VALUES (141, 41, 3, 4, 'サービスが素晴らしかった。');
INSERT IGNORE INTO reviews (id, restaurant_id, user_id, star_id, comment) VALUES (142, 41, 4, 3, '期待していたほどではなかった。');
INSERT IGNORE INTO reviews (id, restaurant_id, user_id, star_id, comment) VALUES (143, 41, 5, 5, '素晴らしい体験でした！');
INSERT IGNORE INTO reviews (id, restaurant_id, user_id, star_id, comment) VALUES (144, 41, 6, 4, 'リラックスできる場所でした。');
INSERT IGNORE INTO reviews (id, restaurant_id, user_id, star_id, comment) VALUES (145, 41, 7, 5, '料理がとても美味しかった。');
INSERT IGNORE INTO reviews (id, restaurant_id, user_id, star_id, comment) VALUES (146, 41, 8, 4, 'デザートが特に良かった。');
INSERT IGNORE INTO reviews (id, restaurant_id, user_id, star_id, comment) VALUES (147, 41, 9, 3, '普通の居酒屋でした。');
INSERT IGNORE INTO reviews (id, restaurant_id, user_id, star_id, comment) VALUES (148, 41, 10, 5, '友人を連れてきたいお店です！');
INSERT IGNORE INTO reviews (id, restaurant_id, user_id, star_id, comment) VALUES (149, 41, 11, 4, '料理の種類が豊富でした。');
INSERT IGNORE INTO reviews (id, restaurant_id, user_id, star_id, comment) VALUES (150, 41, 12, 5, '全ての料理が素晴らしい！');
INSERT IGNORE INTO reviews (id, restaurant_id, user_id, star_id, comment) VALUES (151, 41, 2, 4, 'また来たいと思わせるお店。');
INSERT IGNORE INTO reviews (id, restaurant_id, user_id, star_id, comment) VALUES (152, 41, 3, 3, '普通でしたが、落ち着いた雰囲気でした。');
INSERT IGNORE INTO reviews (id, restaurant_id, user_id, star_id, comment) VALUES (153, 41, 4, 5, '全体的に満足のいく体験でした！');
INSERT IGNORE INTO reviews (id, restaurant_id, user_id, star_id, comment) VALUES (154, 61, 2, 5, '居心地がとても良かった！');
INSERT IGNORE INTO reviews (id, restaurant_id, user_id, star_id, comment) VALUES (155, 61, 3, 4, '料理の盛り付けが美しい。');
INSERT IGNORE INTO reviews (id, restaurant_id, user_id, star_id, comment) VALUES (156, 61, 4, 3, '普通の居酒屋でした。');
INSERT IGNORE INTO reviews (id, restaurant_id, user_id, star_id, comment) VALUES (157, 61, 5, 5, 'また来たいお店です！');
INSERT IGNORE INTO reviews (id, restaurant_id, user_id, star_id, comment) VALUES (158, 61, 6, 4, 'デザートが特に美味しかった。');
INSERT IGNORE INTO reviews (id, restaurant_id, user_id, star_id, comment) VALUES (159, 61, 7, 5, '全体的に素晴らしかった！');
INSERT IGNORE INTO reviews (id, restaurant_id, user_id, star_id, comment) VALUES (160, 61, 8, 4, '友達を連れてきたいです。');
INSERT IGNORE INTO reviews (id, restaurant_id, user_id, star_id, comment) VALUES (161, 61, 9, 3, 'もう少し味が濃いと良かった。');
INSERT IGNORE INTO reviews (id, restaurant_id, user_id, star_id, comment) VALUES (162, 61, 10, 5, '最高の料理とサービスでした！');
INSERT IGNORE INTO reviews (id, restaurant_id, user_id, star_id, comment) VALUES (163, 61, 11, 4, 'コストパフォーマンスが良い。');
INSERT IGNORE INTO reviews (id, restaurant_id, user_id, star_id, comment) VALUES (164, 61, 12, 5, '料理が全て美味しい！');
INSERT IGNORE INTO reviews (id, restaurant_id, user_id, star_id, comment) VALUES (165, 61, 2, 4, '料理の種類が豊富で良かった。');
INSERT IGNORE INTO reviews (id, restaurant_id, user_id, star_id, comment) VALUES (166, 61, 3, 3, '期待していたほどではなかった。');
INSERT IGNORE INTO reviews (id, restaurant_id, user_id, star_id, comment) VALUES (167, 61, 4, 5, '特にデザートが最高でした！');
INSERT IGNORE INTO reviews (id, restaurant_id, user_id, star_id, comment) VALUES (168, 71, 2, 5, '本当に美味しい料理でした！');
INSERT IGNORE INTO reviews (id, restaurant_id, user_id, star_id, comment) VALUES (169, 71, 3, 4, 'スタッフがとても親切でした。');
INSERT IGNORE INTO reviews (id, restaurant_id, user_id, star_id, comment) VALUES (170, 71, 4, 3, '普通の居酒屋でしたが、悪くはなかった。');
INSERT IGNORE INTO reviews (id, restaurant_id, user_id, star_id, comment) VALUES (171, 71, 5, 5, '絶対にまた訪れたいです！');
INSERT IGNORE INTO reviews (id, restaurant_id, user_id, star_id, comment) VALUES (172, 71, 6, 4, '料理の種類が豊富で楽しめました。');
INSERT IGNORE INTO reviews (id, restaurant_id, user_id, star_id, comment) VALUES (173, 71, 7, 5, 'デザートが特に良かった！');
INSERT IGNORE INTO reviews (id, restaurant_id, user_id, star_id, comment) VALUES (174, 71, 8, 4, '雰囲気が良くて落ち着けた。');
INSERT IGNORE INTO reviews (id, restaurant_id, user_id, star_id, comment) VALUES (175, 71, 9, 3, '期待していたほどではなかった。');
INSERT IGNORE INTO reviews (id, restaurant_id, user_id, star_id, comment) VALUES (176, 71, 10, 5, 'すべての料理が美味しかったです！');
INSERT IGNORE INTO reviews (id, restaurant_id, user_id, star_id, comment) VALUES (177, 71, 11, 4, 'コストパフォーマンスが良かった。');
INSERT IGNORE INTO reviews (id, restaurant_id, user_id, star_id, comment) VALUES (178, 71, 12, 5, 'また来たいと思わせるお店！');
INSERT IGNORE INTO reviews (id, restaurant_id, user_id, star_id, comment) VALUES (179, 71, 2, 4, '全体的に満足でした！');
INSERT IGNORE INTO reviews (id, restaurant_id, user_id, star_id, comment) VALUES (180, 71, 3, 3, '普通の味でした。');
INSERT IGNORE INTO reviews (id, restaurant_id, user_id, star_id, comment) VALUES (181, 71, 4, 5, '友人を連れてきたいお店です！');
INSERT IGNORE INTO reviews (id, restaurant_id, user_id, star_id, comment) VALUES (182, 91, 2, 5, 'とても良い食事体験でした！');
INSERT IGNORE INTO reviews (id, restaurant_id, user_id, star_id, comment) VALUES (183, 91, 3, 4, '料理が美味しく、スタッフも親切。');
INSERT IGNORE INTO reviews (id, restaurant_id, user_id, star_id, comment) VALUES (184, 91, 4, 3, '普通でしたが、雰囲気が良かった。');
INSERT IGNORE INTO reviews (id, restaurant_id, user_id, star_id, comment) VALUES (185, 91, 5, 5, 'また来たいお店です！');
INSERT IGNORE INTO reviews (id, restaurant_id, user_id, star_id, comment) VALUES (186, 91, 6, 4, 'デザートが特に美味しかった！');
INSERT IGNORE INTO reviews (id, restaurant_id, user_id, star_id, comment) VALUES (187, 91, 7, 5, 'すべての料理が美味しかったです！');
INSERT IGNORE INTO reviews (id, restaurant_id, user_id, star_id, comment) VALUES (188, 91, 8, 4, '落ち着いた雰囲気でリラックスできました。');
INSERT IGNORE INTO reviews (id, restaurant_id, user_id, star_id, comment) VALUES (189, 91, 9, 3, '普通の料理でした。');
INSERT IGNORE INTO reviews (id, restaurant_id, user_id, star_id, comment) VALUES (190, 91, 10, 5, '素晴らしい料理とサービス！');
INSERT IGNORE INTO reviews (id, restaurant_id, user_id, star_id, comment) VALUES (191, 91, 11, 4, 'コストパフォーマンスが良い。');
INSERT IGNORE INTO reviews (id, restaurant_id, user_id, star_id, comment) VALUES (192, 91, 12, 5, '最高の体験でした！');
INSERT IGNORE INTO reviews (id, restaurant_id, user_id, star_id, comment) VALUES (193, 91, 2, 4, '友人を連れてきたいと思いました。');
INSERT IGNORE INTO reviews (id, restaurant_id, user_id, star_id, comment) VALUES (194, 91, 3, 3, '期待していたほどではなかった。');
INSERT IGNORE INTO reviews (id, restaurant_id, user_id, star_id, comment) VALUES (195, 91, 4, 5, '本当に美味しい料理でした！');
INSERT IGNORE INTO reviews (id, restaurant_id, user_id, star_id, comment) VALUES (196, 1, 2, 5, '最高の体験でした！また行きたいです。');
INSERT IGNORE INTO reviews (id, restaurant_id, user_id, star_id, comment) VALUES (197, 1, 3, 4, 'サービスが良くて、料理もおいしかった。');
INSERT IGNORE INTO reviews (id, restaurant_id, user_id, star_id, comment) VALUES (198, 1, 4, 5, '店内が清潔で居心地が良い。');
INSERT IGNORE INTO reviews (id, restaurant_id, user_id, star_id, comment) VALUES (199, 1, 5, 3, '味は良いが、サービスが遅かった。');
INSERT IGNORE INTO reviews (id, restaurant_id, user_id, star_id, comment) VALUES (200, 1, 6, 5, '再訪間違いなし！');
INSERT IGNORE INTO reviews (id, restaurant_id, user_id, star_id, comment) VALUES (201, 1, 7, 4, '特別な日にはぴったりの場所。');
INSERT IGNORE INTO reviews (id, restaurant_id, user_id, star_id, comment) VALUES (202, 1, 8, 5, '料理が本当に素晴らしい。');
INSERT IGNORE INTO reviews (id, restaurant_id, user_id, star_id, comment) VALUES (203, 1, 9, 4, 'デザートが特に美味しかった。');
INSERT IGNORE INTO reviews (id, restaurant_id, user_id, star_id, comment) VALUES (204, 1, 10, 5, 'また訪れたいと思います。');
INSERT IGNORE INTO reviews (id, restaurant_id, user_id, star_id, comment) VALUES (205, 1, 11, 4, '素晴らしい経験でした！');
INSERT IGNORE INTO reviews (id, restaurant_id, user_id, star_id, comment) VALUES (206, 5, 2, 5, '本当に素晴らしい！全てが完璧でした。');
INSERT IGNORE INTO reviews (id, restaurant_id, user_id, star_id, comment) VALUES (207, 5, 3, 4, '再度行きたいと思わせる素晴らしい料理。');
INSERT IGNORE INTO reviews (id, restaurant_id, user_id, star_id, comment) VALUES (208, 5, 4, 5, '最高のサービス！心から感謝。');
INSERT IGNORE INTO reviews (id, restaurant_id, user_id, star_id, comment) VALUES (209, 5, 5, 3, '料理は美味しかったが、価格が高い。');
INSERT IGNORE INTO reviews (id, restaurant_id, user_id, star_id, comment) VALUES (210, 5, 6, 4, 'また訪れたいです。');
INSERT IGNORE INTO reviews (id, restaurant_id, user_id, star_id, comment) VALUES (211, 5, 7, 5, '一度食べたら忘れられない味。');
INSERT IGNORE INTO reviews (id, restaurant_id, user_id, star_id, comment) VALUES (212, 5, 8, 4, '静かで落ち着ける雰囲気。');
INSERT IGNORE INTO reviews (id, restaurant_id, user_id, star_id, comment) VALUES (213, 5, 9, 5, '絶対に友達に勧めたい。');
INSERT IGNORE INTO reviews (id, restaurant_id, user_id, star_id, comment) VALUES (214, 5, 10, 4, 'デザートも美味しかった。');
INSERT IGNORE INTO reviews (id, restaurant_id, user_id, star_id, comment) VALUES (215, 5, 11, 5, '私のお気に入りのレストランになりました。');
INSERT IGNORE INTO reviews (id, restaurant_id, user_id, star_id, comment) VALUES (216, 7, 2, 4, '食事は全体的に良かった。');
INSERT IGNORE INTO reviews (id, restaurant_id, user_id, star_id, comment) VALUES (217, 7, 3, 5, '最高のランチ！');
INSERT IGNORE INTO reviews (id, restaurant_id, user_id, star_id, comment) VALUES (218, 7, 4, 4, 'サービスは平均的だった。');
INSERT IGNORE INTO reviews (id, restaurant_id, user_id, star_id, comment) VALUES (219, 7, 5, 3, '量が少なかった。');
INSERT IGNORE INTO reviews (id, restaurant_id, user_id, star_id, comment) VALUES (220, 7, 6, 5, 'また来たいです。');
INSERT IGNORE INTO reviews (id, restaurant_id, user_id, star_id, comment) VALUES (221, 7, 8, 4, '料理の見た目が素晴らしい。');
INSERT IGNORE INTO reviews (id, restaurant_id, user_id, star_id, comment) VALUES (222, 7, 9, 5, '期待以上の味！');
INSERT IGNORE INTO reviews (id, restaurant_id, user_id, star_id, comment) VALUES (223, 7, 10, 4, '居心地の良い場所でした。');
INSERT IGNORE INTO reviews (id, restaurant_id, user_id, star_id, comment) VALUES (224, 7, 11, 5, '友達と一緒に行くつもり。');
INSERT IGNORE INTO reviews (id, restaurant_id, user_id, star_id, comment) VALUES (225, 11, 2, 5, '素晴らしい体験でした。');
INSERT IGNORE INTO reviews (id, restaurant_id, user_id, star_id, comment) VALUES (226, 11, 3, 4, '美味しい料理、楽しい時間。');
INSERT IGNORE INTO reviews (id, restaurant_id, user_id, star_id, comment) VALUES (227, 11, 4, 5, 'デザートは特におすすめ！');
INSERT IGNORE INTO reviews (id, restaurant_id, user_id, star_id, comment) VALUES (228, 11, 5, 3, '料理の味は良いが、量が少ない。');
INSERT IGNORE INTO reviews (id, restaurant_id, user_id, star_id, comment) VALUES (229, 11, 6, 5, '全てが素晴らしかった。');
INSERT IGNORE INTO reviews (id, restaurant_id, user_id, star_id, comment) VALUES (230, 11, 7, 4, '何度でも訪れたい。');
INSERT IGNORE INTO reviews (id, restaurant_id, user_id, star_id, comment) VALUES (231, 11, 8, 5, '友人に勧めるつもり。');
INSERT IGNORE INTO reviews (id, restaurant_id, user_id, star_id, comment) VALUES (232, 11, 9, 4, '落ち着いた雰囲気が良い。');
INSERT IGNORE INTO reviews (id, restaurant_id, user_id, star_id, comment) VALUES (233, 11, 10, 5, '料理がとても新鮮だった。');
INSERT IGNORE INTO reviews (id, restaurant_id, user_id, star_id, comment) VALUES (234, 11, 11, 4, '素敵なディナーを楽しめた。');
INSERT IGNORE INTO reviews (id, restaurant_id, user_id, star_id, comment) VALUES (235, 21, 2, 5, '料理が絶品！また来ます。');
INSERT IGNORE INTO reviews (id, restaurant_id, user_id, star_id, comment) VALUES (236, 21, 3, 4, '特別な日にはぴったり。');
INSERT IGNORE INTO reviews (id, restaurant_id, user_id, star_id, comment) VALUES (237, 21, 4, 5, '全体的に素晴らしかった！');
INSERT IGNORE INTO reviews (id, restaurant_id, user_id, star_id, comment) VALUES (238, 21, 5, 3, '料理が美味しいが、待ち時間が長かった。');
INSERT IGNORE INTO reviews (id, restaurant_id, user_id, star_id, comment) VALUES (239, 21, 6, 5, '本当に素晴らしい体験。');
INSERT IGNORE INTO reviews (id, restaurant_id, user_id, star_id, comment) VALUES (240, 21, 7, 4, '友達を連れて行きたい。');
INSERT IGNORE INTO reviews (id, restaurant_id, user_id, star_id, comment) VALUES (241, 21, 8, 5, '味が良いだけでなく、サービスも最高。');
INSERT IGNORE INTO reviews (id, restaurant_id, user_id, star_id, comment) VALUES (242, 21, 9, 4, 'デザートも試してみる価値あり。');
INSERT IGNORE INTO reviews (id, restaurant_id, user_id, star_id, comment) VALUES (243, 21, 10, 5, '次回もぜひ訪れます。');
INSERT IGNORE INTO reviews (id, restaurant_id, user_id, star_id, comment) VALUES (244, 21, 11, 4, '雰囲気が素敵で、落ち着けた。');
INSERT IGNORE INTO reviews (id, restaurant_id, user_id, star_id, comment) VALUES (245, 41, 2, 5, '本当に最高の料理。');
INSERT IGNORE INTO reviews (id, restaurant_id, user_id, star_id, comment) VALUES (246, 41, 3, 4, 'また訪れたいです！');
INSERT IGNORE INTO reviews (id, restaurant_id, user_id, star_id, comment) VALUES (247, 41, 4, 5, 'デザートは必食。');
INSERT IGNORE INTO reviews (id, restaurant_id, user_id, star_id, comment) VALUES (248, 41, 5, 3, '雰囲気は良いが、料理が少し物足りない。');
INSERT IGNORE INTO reviews (id, restaurant_id, user_id, star_id, comment) VALUES (249, 41, 6, 5, '全てが完璧でした。');
INSERT IGNORE INTO reviews (id, restaurant_id, user_id, star_id, comment) VALUES (250, 41, 7, 4, '接客が良かった。');
INSERT IGNORE INTO reviews (id, restaurant_id, user_id, star_id, comment) VALUES (251, 41, 8, 5, '友達を連れて来たい。');
INSERT IGNORE INTO reviews (id, restaurant_id, user_id, star_id, comment) VALUES (252, 41, 9, 4, '料理の質が高い。');
INSERT IGNORE INTO reviews (id, restaurant_id, user_id, star_id, comment) VALUES (253, 41, 10, 5, 'また絶対に来ます。');
INSERT IGNORE INTO reviews (id, restaurant_id, user_id, star_id, comment) VALUES (254, 41, 11, 4, '料理の盛り付けが美しい。');
INSERT IGNORE INTO reviews (id, restaurant_id, user_id, star_id, comment) VALUES (255, 61, 2, 5, '素晴らしい食事でした！');
INSERT IGNORE INTO reviews (id, restaurant_id, user_id, star_id, comment) VALUES (256, 61, 3, 4, 'サービスが素晴らしかった。');
INSERT IGNORE INTO reviews (id, restaurant_id, user_id, star_id, comment) VALUES (257, 61, 4, 5, '料理が美味しい。');
INSERT IGNORE INTO reviews (id, restaurant_id, user_id, star_id, comment) VALUES (258, 61, 5, 3, 'また来たいとは思うが、少し待たされた。');
INSERT IGNORE INTO reviews (id, restaurant_id, user_id, star_id, comment) VALUES (259, 61, 6, 5, '家族でまた行きます。');
INSERT IGNORE INTO reviews (id, restaurant_id, user_id, star_id, comment) VALUES (260, 61, 7, 4, 'デザートも美味しい。');
INSERT IGNORE INTO reviews (id, restaurant_id, user_id, star_id, comment) VALUES (261, 61, 8, 5, 'サービスは最高でした。');
INSERT IGNORE INTO reviews (id, restaurant_id, user_id, star_id, comment) VALUES (262, 61, 9, 4, '友人を連れて行くつもり。');
INSERT IGNORE INTO reviews (id, restaurant_id, user_id, star_id, comment) VALUES (263, 61, 10, 5, 'また必ず来ます。');
INSERT IGNORE INTO reviews (id, restaurant_id, user_id, star_id, comment) VALUES (264, 61, 11, 4, '雰囲気も良い。');
INSERT IGNORE INTO reviews (id, restaurant_id, user_id, star_id, comment) VALUES (265, 71, 2, 5, '全てが美味しかった！');
INSERT IGNORE INTO reviews (id, restaurant_id, user_id, star_id, comment) VALUES (266, 71, 3, 4, 'また食べたい。');
INSERT IGNORE INTO reviews (id, restaurant_id, user_id, star_id, comment) VALUES (267, 71, 4, 5, '最高の経験でした。');
INSERT IGNORE INTO reviews (id, restaurant_id, user_id, star_id, comment) VALUES (268, 71, 5, 3, '待ち時間が長かった。');
INSERT IGNORE INTO reviews (id, restaurant_id, user_id, star_id, comment) VALUES (269, 71, 6, 5, '一度は行く価値あり。');
INSERT IGNORE INTO reviews (id, restaurant_id, user_id, star_id, comment) VALUES (270, 71, 7, 4, '雰囲気が良かった。');
INSERT IGNORE INTO reviews (id, restaurant_id, user_id, star_id, comment) VALUES (271, 71, 8, 5, '忘れられない食事。');
INSERT IGNORE INTO reviews (id, restaurant_id, user_id, star_id, comment) VALUES (272, 71, 9, 4, '友達に勧めたいレストラン。');
INSERT IGNORE INTO reviews (id, restaurant_id, user_id, star_id, comment) VALUES (273, 71, 10, 5, '味もサービスも最高。');
INSERT IGNORE INTO reviews (id, restaurant_id, user_id, star_id, comment) VALUES (274, 71, 11, 4, '家族で行きたい。');
INSERT IGNORE INTO reviews (id, restaurant_id, user_id, star_id, comment) VALUES (275, 91, 2, 5, '本当に美味しい料理！');
INSERT IGNORE INTO reviews (id, restaurant_id, user_id, star_id, comment) VALUES (276, 91, 3, 4, '再度訪れたい。');
INSERT IGNORE INTO reviews (id, restaurant_id, user_id, star_id, comment) VALUES (277, 91, 4, 5, 'サービスがとても良かった。');
INSERT IGNORE INTO reviews (id, restaurant_id, user_id, star_id, comment) VALUES (278, 91, 5, 3, '料理は良かったが、値段が高い。');
INSERT IGNORE INTO reviews (id, restaurant_id, user_id, star_id, comment) VALUES (279, 91, 6, 5, '最高の食事体験。');
INSERT IGNORE INTO reviews (id, restaurant_id, user_id, star_id, comment) VALUES (280, 91, 7, 4, '雰囲気がとても良い。');
INSERT IGNORE INTO reviews (id, restaurant_id, user_id, star_id, comment) VALUES (281, 91, 8, 5, 'デザートも素晴らしい。');
INSERT IGNORE INTO reviews (id, restaurant_id, user_id, star_id, comment) VALUES (282, 91, 9, 4, '友達にすすめたい。');
INSERT IGNORE INTO reviews (id, restaurant_id, user_id, star_id, comment) VALUES (283, 91, 10, 5, 'また行くつもり。');
INSERT IGNORE INTO reviews (id, restaurant_id, user_id, star_id, comment) VALUES (284, 91, 11, 4, '美味しかったです。');
INSERT IGNORE INTO reviews (id, restaurant_id, user_id, star_id, comment) VALUES (285, 92, 2, 5, 'このレストランは本当に最高です！');
INSERT IGNORE INTO reviews (id, restaurant_id, user_id, star_id, comment) VALUES (286, 93, 3, 4, '料理が新鮮で美味しい。');
INSERT IGNORE INTO reviews (id, restaurant_id, user_id, star_id, comment) VALUES (287, 94, 4, 5, 'また行きたいと思いました。');
INSERT IGNORE INTO reviews (id, restaurant_id, user_id, star_id, comment) VALUES (288, 95, 5, 3, '雰囲気は良かったけど、サービスが遅かった。');
INSERT IGNORE INTO reviews (id, restaurant_id, user_id, star_id, comment) VALUES (289, 96, 6, 5, '毎回素晴らしい体験をしています。');
INSERT IGNORE INTO reviews (id, restaurant_id, user_id, star_id, comment) VALUES (290, 97, 7, 4, 'デザートが特に美味しい！');
INSERT IGNORE INTO reviews (id, restaurant_id, user_id, star_id, comment) VALUES (291, 98, 8, 5, 'またすぐに行きたいです！');


-- favoritesテーブル
INSERT IGNORE INTO favorites (id, restaurant_id, user_id) VALUES (null, null, null);

